query_text,sentiment
Can you provide an update on my request,Neutral
I am concerned about this banking issue Please check this for me.,Anxious
I cannot believe this issue is still happening Please advise me.,Angry
Please resolve my banking issue without delay Can this be resolved soon?,Urgent
I would like to understand the next step Please help.,Neutral
I cannot understand what went wrong Kindly look into this.,Confused
I need this issue resolved as soon as possible,Urgent
I am worried that I may lose access to my account Please check this for me.,Anxious
Please resolve my banking issue without delay What should I do now?,Urgent
This is becoming very frustrating Please check this for me.,Frustrated
I need quick help with this banking problem Please advise me.,Urgent
Can you provide an update on my request What should I do now?,Neutral
I would like to check my account information Please check this for me.,Neutral
This is completely unacceptable to me What should I do now?,Angry
Why does this keep happening again and again Please check this for me.,Frustrated
I am not sure what I need to do next Kindly look into this.,Confused
I need urgent assistance with my account,Urgent
I am confused about this banking issue Can you assist?,Confused
I would like to understand the next step Kindly look into this.,Neutral
I need immediate help from customer support I need support with this.,Urgent
Please help me immediately with my bank issue Can you assist?,Urgent
This is completely unacceptable to me Can this be resolved soon?,Angry
Why has the bank handled this so poorly Please advise me.,Angry
I am angry about the unnecessary delay I need support with this.,Angry
Why does this keep happening again and again What should I do now?,Frustrated
Why has the bank handled this so poorly Please check this for me.,Angry
Please resolve my banking issue without delay Can you assist?,Urgent
Please tell me how this process works Please advise me.,Neutral
This service has made me extremely angry I need support with this.,Angry
I am worried that something may be wrong Can this be resolved soon?,Anxious
I am angry about the unnecessary delay Please advise me.,Angry
I want to check whether my request was received I need an update.,Neutral
I need immediate help from customer support Can you assist?,Urgent
Why is this process showing this way Can this be resolved soon?,Confused
Can you tell me what documents are required Can you assist?,Neutral
I am nervous about this transaction I need an update.,Anxious
Please tell me how this process works Can you assist?,Neutral
This is unacceptable and I am very angry Please advise me.,Angry
I am concerned about the status of my account Please help.,Anxious
Could you explain what this message means Please advise me.,Confused
Why does this keep happening again and again Kindly look into this.,Frustrated
Please take immediate action on my request Please check this for me.,Urgent
I am extremely angry about this banking issue I need support with this.,Angry
I am very upset with the way this was handled,Angry
Please take immediate action on my request Kindly look into this.,Urgent
I would like to understand the next step Can you assist?,Neutral
I am anxious and need to know what is happening I need an update.,Anxious
I would like to check my account information Kindly look into this.,Neutral
This matter needs immediate attention I need an update.,Urgent
I am concerned that my request has not been completed,Anxious
I do not understand the status of my request Please advise me.,Confused
I do not understand the status of my request What should I do now?,Confused
I would like to check my account information Please help.,Neutral
This service has made me extremely angry Please advise me.,Angry
I am angry about the unnecessary delay Please help.,Angry
I am unhappy that my issue has not been fixed I need support with this.,Frustrated
I do not understand what is happening with my account Please check this for me.,Confused
I want to check whether my request was received Please advise me.,Neutral
Please tell me how this process works Can this be resolved soon?,Neutral
Can you tell me what documents are required Please advise me.,Neutral
Please resolve my banking issue without delay I need support with this.,Urgent
Please provide details about this service I need support with this.,Neutral
I am tired of dealing with the same banking issue Please check this for me.,Frustrated
Why has the bank handled this so poorly I need support with this.,Angry
I am furious about this repeated problem What should I do now?,Angry
Please resolve my banking issue without delay,Urgent
I cannot believe this issue is still happening Please help.,Angry
This is completely unacceptable to me Please check this for me.,Angry
I need immediate help from customer support Please help.,Urgent
This problem has been going on for too long I need support with this.,Frustrated
I am frustrated because this issue is still unresolved Kindly look into this.,Frustrated
Please help me immediately with my bank issue I need support with this.,Urgent
I am anxious because my request is still pending I need an update.,Anxious
I have been waiting too long for a solution Kindly look into this.,Frustrated
I am anxious because my request is still pending Please check this for me.,Anxious
Why has the bank handled this so poorly Can this be resolved soon?,Angry
This problem has been going on for too long Can you assist?,Frustrated
I am not sure what I need to do next What should I do now?,Confused
This service has made me extremely angry Please check this for me.,Angry
I am worried that something may be wrong Can you assist?,Anxious
I cannot understand what went wrong I need support with this.,Confused
I am anxious because my request is still pending I need support with this.,Anxious
I am angry about the unnecessary delay What should I do now?,Angry
Why does this keep happening again and again Please help.,Frustrated
Please resolve my banking issue without delay I need an update.,Urgent
I need urgent assistance with my account Please check this for me.,Urgent
Can you explain the status of my request Please advise me.,Neutral
I am confused about this banking issue What should I do now?,Confused
I have been waiting too long for a solution,Frustrated
I am confused about this banking issue,Confused
I am not sure what I need to do next Please advise me.,Confused
I am furious about this repeated problem I need support with this.,Angry
This matter needs immediate attention,Urgent
I am frustrated because this issue is still unresolved,Frustrated
Why is this process showing this way Please check this for me.,Confused
I cannot understand what went wrong,Confused
Can someone explain why this happened What should I do now?,Confused
I need this issue resolved as soon as possible Please help.,Urgent
I am concerned about this banking issue Can you assist?,Anxious
I need immediate help from customer support I need an update.,Urgent
Can you handle this problem right away,Urgent
I do not understand what is happening with my account What should I do now?,Confused
Why has the bank handled this so poorly What should I do now?,Angry
I have tried several times and nothing works Please advise me.,Frustrated
Please resolve my banking issue without delay Please check this for me.,Urgent
I am worried that something may be wrong Kindly look into this.,Anxious
I would like information about my banking service,Neutral
I cannot understand what went wrong Please help.,Confused
I am unsure why my account has this issue What should I do now?,Confused
I am concerned about this banking issue Kindly look into this.,Anxious
Can you tell me what documents are required Please check this for me.,Neutral
I am worried that I may lose access to my account Kindly look into this.,Anxious
I am very upset with the way this was handled Please advise me.,Angry
This is completely unacceptable to me Kindly look into this.,Angry
I have been waiting too long for a solution Please help.,Frustrated
I expected this issue to be resolved by now Please check this for me.,Frustrated
This is becoming very frustrating,Frustrated
I would like information about my banking service What should I do now?,Neutral
I am concerned that my request has not been completed Kindly look into this.,Anxious
I am worried that something may be wrong Please check this for me.,Anxious
I would like information about my banking service Please advise me.,Neutral
Please help me immediately with my bank issue Please check this for me.,Urgent
I have been waiting too long for a solution Please advise me.,Frustrated
I am angry that my problem has not been resolved I need an update.,Angry
I would like to understand the next step What should I do now?,Neutral
Please tell me how this process works Please help.,Neutral
I am very upset with the way this was handled Can you assist?,Angry
Can you clarify what is happening What should I do now?,Confused
This is completely unacceptable to me I need support with this.,Angry
I am concerned about the status of my account I need support with this.,Anxious
I need immediate help from customer support Kindly look into this.,Urgent
I am angry about the unnecessary delay Can you assist?,Angry
Please provide details about this service Can this be resolved soon?,Neutral
Can you explain the status of my request I need an update.,Neutral
I am nervous about this transaction Can you assist?,Anxious
Can you tell me what documents are required I need support with this.,Neutral
Please resolve my banking issue without delay Please advise me.,Urgent
Can you handle this problem right away Can you assist?,Urgent
Can you clarify what is happening I need support with this.,Confused
This matter needs immediate attention What should I do now?,Urgent
I need this issue resolved as soon as possible Please advise me.,Urgent
I do not understand what is happening with my account Kindly look into this.,Confused
Can you explain the status of my request What should I do now?,Neutral
I need immediate help from customer support What should I do now?,Urgent
I am concerned that my request has not been completed Can this be resolved soon?,Anxious
Can you provide an update on my request Can this be resolved soon?,Neutral
This banking problem is really frustrating me Can you assist?,Frustrated
I am worried about what will happen to my account Please advise me.,Anxious
I need urgent assistance with my account I need an update.,Urgent
Please help me immediately with my bank issue,Urgent
I am angry about the unnecessary delay I need an update.,Angry
Why has the bank handled this so poorly Please help.,Angry
I am unhappy that my issue has not been fixed I need an update.,Frustrated
I have tried several times and nothing works Can you assist?,Frustrated
Why has the bank handled this so poorly Kindly look into this.,Angry
I do not understand the status of my request Kindly look into this.,Confused
Please take immediate action on my request Can you assist?,Urgent
I am concerned about the status of my account,Anxious
Can you provide an update on my request I need support with this.,Neutral
I need immediate help from customer support Please check this for me.,Urgent
Why does this keep happening again and again Please advise me.,Frustrated
I am confused about this banking issue Please help.,Confused
I need this issue resolved as soon as possible What should I do now?,Urgent
I am worried about what will happen to my account Can this be resolved soon?,Anxious
I am tired of dealing with the same banking issue,Frustrated
I would like information about my banking service Kindly look into this.,Neutral
I cannot understand what went wrong Please check this for me.,Confused
Could you explain what this message means Kindly look into this.,Confused
I am furious about this repeated problem Please help.,Angry
Why does this keep happening again and again,Frustrated
Why is this process showing this way,Confused
I cannot understand what went wrong Can this be resolved soon?,Confused
I am angry that my problem has not been resolved What should I do now?,Angry
I am worried about what will happen to my account,Anxious
I want to check whether my request was received Can this be resolved soon?,Neutral
I need quick help with this banking problem Kindly look into this.,Urgent
I am concerned that my request has not been completed I need an update.,Anxious
Please prioritize my request I need support with this.,Urgent
Can you handle this problem right away I need an update.,Urgent
I am unsure why my account has this issue Kindly look into this.,Confused
I would like to check my account information What should I do now?,Neutral
Could you explain what this message means Can you assist?,Confused
I am angry about the unnecessary delay Please check this for me.,Angry
I am anxious and need to know what is happening Please check this for me.,Anxious
I am worried that something may be wrong I need support with this.,Anxious
This banking problem is really frustrating me I need an update.,Frustrated
This banking problem is really frustrating me,Frustrated
I am worried that I may lose access to my account Can you assist?,Anxious
I expected this issue to be resolved by now Kindly look into this.,Frustrated
I am unsure why my account has this issue Please advise me.,Confused
This situation is making me worried,Anxious
This is unacceptable and I am very angry Can this be resolved soon?,Angry
This matter needs immediate attention Please check this for me.,Urgent
I am not sure what I need to do next Please help.,Confused
I am worried about what will happen to my account I need an update.,Anxious
Could you explain what this message means What should I do now?,Confused
I am anxious and need to know what is happening Can you assist?,Anxious
I am unhappy that my issue has not been fixed,Frustrated
I am extremely angry about this banking issue Please check this for me.,Angry
I would like information about my banking service Please check this for me.,Neutral
I want to know the current status of my account Kindly look into this.,Neutral
I am anxious because my request is still pending What should I do now?,Anxious
I am worried that I may lose access to my account Please advise me.,Anxious
I would like to understand the next step Please advise me.,Neutral
Can someone explain why this happened Can this be resolved soon?,Confused
Can you clarify what is happening Please help.,Confused
I do not understand the status of my request Can this be resolved soon?,Confused
Can you clarify what is happening,Confused
I do not understand the status of my request Please check this for me.,Confused
I am concerned about the status of my account I need an update.,Anxious
This service has made me extremely angry Please help.,Angry
This service has made me extremely angry Can you assist?,Angry
This service has made me extremely angry,Angry
Can you provide an update on my request Kindly look into this.,Neutral
I do not understand what is happening with my account I need an update.,Confused
I would like information about my banking service Please help.,Neutral
I have tried several times and nothing works What should I do now?,Frustrated
Please help me immediately with my bank issue Can this be resolved soon?,Urgent
I am angry that my problem has not been resolved Please help.,Angry
I need this issue resolved as soon as possible Please check this for me.,Urgent
Please provide details about this service Can you assist?,Neutral
I am nervous about this transaction Please help.,Anxious
I need quick help with this banking problem I need support with this.,Urgent
I am frustrated because this issue is still unresolved Please help.,Frustrated
I have tried several times and nothing works I need support with this.,Frustrated
I am nervous about this transaction,Anxious
I am tired of dealing with the same banking issue Can you assist?,Frustrated
This problem has been going on for too long,Frustrated
Please prioritize my request Please check this for me.,Urgent
This is becoming very frustrating Kindly look into this.,Frustrated
Please take immediate action on my request Please advise me.,Urgent
I am concerned about the status of my account Can you assist?,Anxious
Can someone explain why this happened,Confused
This situation is making me worried I need an update.,Anxious
I am furious about this repeated problem,Angry
Please prioritize my request Can you assist?,Urgent
I am concerned about this banking issue I need support with this.,Anxious
I am unsure why my account has this issue Please help.,Confused
I am worried about what will happen to my account What should I do now?,Anxious
Could you explain what this message means Can this be resolved soon?,Confused
I cannot believe this issue is still happening Please check this for me.,Angry
This banking problem is really frustrating me Please help.,Frustrated
I am concerned about this banking issue Please help.,Anxious
Can you explain the status of my request Kindly look into this.,Neutral
I want to know the current status of my account I need support with this.,Neutral
I am frustrated because this issue is still unresolved Please check this for me.,Frustrated
This is unacceptable and I am very angry Please check this for me.,Angry
I am concerned about the status of my account Please advise me.,Anxious
Please provide details about this service Kindly look into this.,Neutral
I need urgent assistance with my account Please help.,Urgent
Can you provide an update on my request I need an update.,Neutral
Please take immediate action on my request I need an update.,Urgent
Please provide details about this service I need an update.,Neutral
This service has made me extremely angry Can this be resolved soon?,Angry
This matter needs immediate attention I need support with this.,Urgent
I need quick help with this banking problem Can this be resolved soon?,Urgent
I am tired of dealing with the same banking issue Please help.,Frustrated
Can someone explain why this happened Can you assist?,Confused
I need this issue resolved as soon as possible Can this be resolved soon?,Urgent
Can you clarify what is happening Please check this for me.,Confused
Why is this process showing this way Please advise me.,Confused
I am frustrated because this issue is still unresolved Please advise me.,Frustrated
I am very upset with the way this was handled I need an update.,Angry
Can you tell me what documents are required,Neutral
This problem has been going on for too long What should I do now?,Frustrated
I am angry that my problem has not been resolved Can this be resolved soon?,Angry
Could you explain what this message means Please help.,Confused
Can you handle this problem right away Kindly look into this.,Urgent
I would like to understand the next step,Neutral
I have tried several times and nothing works Please help.,Frustrated
I am tired of dealing with the same banking issue What should I do now?,Frustrated
This problem has been going on for too long Please help.,Frustrated
Please help me immediately with my bank issue Please advise me.,Urgent
Please prioritize my request Please advise me.,Urgent
I expected this issue to be resolved by now What should I do now?,Frustrated
I am very upset with the way this was handled I need support with this.,Angry
I am worried that I may lose access to my account What should I do now?,Anxious
I need this issue resolved as soon as possible I need support with this.,Urgent
Please prioritize my request What should I do now?,Urgent
I am very upset with the way this was handled Please check this for me.,Angry
This situation is making me worried Can this be resolved soon?,Anxious
Please help me immediately with my bank issue I need an update.,Urgent
This situation is making me worried I need support with this.,Anxious
I am worried that something may be wrong What should I do now?,Anxious
Why does this keep happening again and again Can you assist?,Frustrated
I am worried that something may be wrong I need an update.,Anxious
I am frustrated because this issue is still unresolved Can you assist?,Frustrated
Can someone explain why this happened Please advise me.,Confused
Please take immediate action on my request I need support with this.,Urgent
I am anxious because my request is still pending Kindly look into this.,Anxious
I am unsure why my account has this issue I need an update.,Confused
I need quick help with this banking problem,Urgent
Can someone explain why this happened Please check this for me.,Confused
I need urgent assistance with my account Can this be resolved soon?,Urgent
Can you explain the status of my request Can this be resolved soon?,Neutral
I am not sure what I need to do next Can this be resolved soon?,Confused
I am very upset with the way this was handled Kindly look into this.,Angry
Please provide details about this service Please advise me.,Neutral
This is unacceptable and I am very angry Kindly look into this.,Angry
I am unhappy that my issue has not been fixed Can this be resolved soon?,Frustrated
Can you tell me what documents are required Kindly look into this.,Neutral
I am extremely angry about this banking issue I need an update.,Angry
I am very upset with the way this was handled What should I do now?,Angry
This is unacceptable and I am very angry Please help.,Angry
This matter needs immediate attention Can this be resolved soon?,Urgent
This problem has been going on for too long Please check this for me.,Frustrated
I want to check whether my request was received What should I do now?,Neutral
Why does this keep happening again and again Can this be resolved soon?,Frustrated
I want to check whether my request was received Can you assist?,Neutral
Can you tell me what documents are required I need an update.,Neutral
Can you explain the status of my request Can you assist?,Neutral
I am extremely angry about this banking issue Please help.,Angry
This is becoming very frustrating I need support with this.,Frustrated
This situation is making me worried Please advise me.,Anxious
I have tried several times and nothing works I need an update.,Frustrated
I would like to check my account information I need an update.,Neutral
I expected this issue to be resolved by now,Frustrated
Please resolve my banking issue without delay Kindly look into this.,Urgent
I am anxious because my request is still pending Can you assist?,Anxious
I am very upset with the way this was handled Can this be resolved soon?,Angry
Can you provide an update on my request Please check this for me.,Neutral
I expected this issue to be resolved by now I need support with this.,Frustrated
I am worried about what will happen to my account Please check this for me.,Anxious
This situation is making me worried Please help.,Anxious
I do not understand what is happening with my account Can this be resolved soon?,Confused
I have tried several times and nothing works Kindly look into this.,Frustrated
I am unhappy that my issue has not been fixed Can you assist?,Frustrated
This is becoming very frustrating Please help.,Frustrated
I am worried about what will happen to my account Kindly look into this.,Anxious
Please help me immediately with my bank issue What should I do now?,Urgent
I have been waiting too long for a solution Can this be resolved soon?,Frustrated
I need urgent assistance with my account I need support with this.,Urgent
Please tell me how this process works Please check this for me.,Neutral
Why is this process showing this way I need an update.,Confused
I am frustrated because this issue is still unresolved I need an update.,Frustrated
I am furious about this repeated problem Can you assist?,Angry
I need quick help with this banking problem Please check this for me.,Urgent
Can you provide an update on my request Please help.,Neutral
Why does this keep happening again and again I need an update.,Frustrated
I am unhappy that my issue has not been fixed Kindly look into this.,Frustrated
I am unsure why my account has this issue Can you assist?,Confused
I am angry that my problem has not been resolved Please advise me.,Angry
Can you clarify what is happening Can this be resolved soon?,Confused
Can you explain the status of my request,Neutral
I am unsure why my account has this issue I need support with this.,Confused
This is unacceptable and I am very angry What should I do now?,Angry
Why has the bank handled this so poorly,Angry
I need urgent assistance with my account What should I do now?,Urgent
I am worried that something may be wrong Please help.,Anxious
I am frustrated because this issue is still unresolved Can this be resolved soon?,Frustrated
Can you tell me what documents are required What should I do now?,Neutral
I am unhappy that my issue has not been fixed Please advise me.,Frustrated
I would like information about my banking service I need support with this.,Neutral
I am anxious and need to know what is happening,Anxious
Why has the bank handled this so poorly Can you assist?,Angry
I would like information about my banking service Can this be resolved soon?,Neutral
I am anxious because my request is still pending,Anxious
This is becoming very frustrating What should I do now?,Frustrated
I am tired of dealing with the same banking issue Please advise me.,Frustrated
This is unacceptable and I am very angry I need an update.,Angry
I want to know the current status of my account I need an update.,Neutral
I am extremely angry about this banking issue Can you assist?,Angry
Can you handle this problem right away I need support with this.,Urgent
I would like information about my banking service I need an update.,Neutral
I am not sure what I need to do next Please check this for me.,Confused
I am anxious because my request is still pending Please advise me.,Anxious
Can you handle this problem right away Can this be resolved soon?,Urgent
I am tired of dealing with the same banking issue Kindly look into this.,Frustrated
Could you explain what this message means Please check this for me.,Confused
Can you clarify what is happening I need an update.,Confused
I am anxious and need to know what is happening Can this be resolved soon?,Anxious
I want to know the current status of my account Can you assist?,Neutral
I would like to understand the next step I need an update.,Neutral
I do not understand what is happening with my account Can you assist?,Confused
I am tired of dealing with the same banking issue I need an update.,Frustrated
I do not understand the status of my request I need support with this.,Confused
This is unacceptable and I am very angry Can you assist?,Angry
I am nervous about this transaction Can this be resolved soon?,Anxious
I am anxious and need to know what is happening What should I do now?,Anxious
I am concerned that my request has not been completed Please check this for me.,Anxious
I am angry that my problem has not been resolved Please check this for me.,Angry
This banking problem is really frustrating me What should I do now?,Frustrated
I want to know the current status of my account Please advise me.,Neutral
This is completely unacceptable to me Please help.,Angry
Can someone explain why this happened I need an update.,Confused
This is becoming very frustrating Can you assist?,Frustrated
I need quick help with this banking problem I need an update.,Urgent
I am confused about this banking issue Please check this for me.,Confused
I want to know the current status of my account Please check this for me.,Neutral
I am furious about this repeated problem I need an update.,Angry
I expected this issue to be resolved by now I need an update.,Frustrated
I am concerned about the status of my account Can this be resolved soon?,Anxious
I am furious about this repeated problem Please advise me.,Angry
I expected this issue to be resolved by now Please advise me.,Frustrated
I cannot believe this issue is still happening I need support with this.,Angry
I am worried about what will happen to my account Can you assist?,Anxious
This banking problem is really frustrating me I need support with this.,Frustrated
This is completely unacceptable to me,Angry
Can you clarify what is happening Kindly look into this.,Confused
I am extremely angry about this banking issue,Angry
This situation is making me worried Can you assist?,Anxious
I am concerned about this banking issue Please advise me.,Anxious
Can you provide an update on my request Can you assist?,Neutral
Please provide details about this service Please check this for me.,Neutral
I am anxious because my request is still pending Please help.,Anxious
I am worried that I may lose access to my account Can this be resolved soon?,Anxious
I am concerned about the status of my account Please check this for me.,Anxious
I have been waiting too long for a solution I need an update.,Frustrated
This problem has been going on for too long Kindly look into this.,Frustrated
Can you explain the status of my request Please help.,Neutral
This is completely unacceptable to me Can you assist?,Angry
I am not sure what I need to do next I need an update.,Confused
I am frustrated because this issue is still unresolved I need support with this.,Frustrated
I am furious about this repeated problem Please check this for me.,Angry
I want to check whether my request was received Kindly look into this.,Neutral
This problem has been going on for too long Can this be resolved soon?,Frustrated
Please tell me how this process works I need support with this.,Neutral
I am concerned about this banking issue,Anxious
Can you tell me what documents are required Can this be resolved soon?,Neutral
I cannot believe this issue is still happening What should I do now?,Angry
Why is this process showing this way What should I do now?,Confused
I am not sure what I need to do next Can you assist?,Confused
Can you provide an update on my request Please advise me.,Neutral
I want to know the current status of my account,Neutral
This situation is making me worried What should I do now?,Anxious
I have been waiting too long for a solution I need support with this.,Frustrated
This banking problem is really frustrating me Kindly look into this.,Frustrated
Can someone explain why this happened Kindly look into this.,Confused
I cannot believe this issue is still happening Can this be resolved soon?,Angry
I am nervous about this transaction I need support with this.,Anxious
This is becoming very frustrating Can this be resolved soon?,Frustrated
I want to know the current status of my account Can this be resolved soon?,Neutral
I am angry about the unnecessary delay,Angry
I cannot understand what went wrong Please advise me.,Confused
This service has made me extremely angry I need an update.,Angry
Please prioritize my request I need an update.,Urgent
I would like to check my account information Can this be resolved soon?,Neutral
I cannot believe this issue is still happening Kindly look into this.,Angry
I am concerned about the status of my account Kindly look into this.,Anxious
Please tell me how this process works I need an update.,Neutral
I am concerned that my request has not been completed Please advise me.,Anxious
Please prioritize my request Kindly look into this.,Urgent
I want to check whether my request was received Please check this for me.,Neutral
This matter needs immediate attention Please advise me.,Urgent
I cannot understand what went wrong I need an update.,Confused
I need immediate help from customer support Please advise me.,Urgent
I do not understand the status of my request Can you assist?,Confused
I would like to understand the next step I need support with this.,Neutral
I am tired of dealing with the same banking issue I need support with this.,Frustrated
Can you explain the status of my request Please check this for me.,Neutral
I need this issue resolved as soon as possible Can you assist?,Urgent
I need urgent assistance with my account Please advise me.,Urgent
Please take immediate action on my request What should I do now?,Urgent
Please provide details about this service,Neutral
I would like information about my banking service Can you assist?,Neutral
I am not sure what I need to do next I need support with this.,Confused
I am worried that I may lose access to my account I need an update.,Anxious
I am concerned that my request has not been completed I need support with this.,Anxious
Can someone explain why this happened Please help.,Confused
I am furious about this repeated problem Kindly look into this.,Angry
Can you handle this problem right away Please advise me.,Urgent
I need quick help with this banking problem Please help.,Urgent
I do not understand the status of my request,Confused
I am extremely angry about this banking issue Can this be resolved soon?,Angry
I am unhappy that my issue has not been fixed Please help.,Frustrated
This is unacceptable and I am very angry I need support with this.,Angry
Please provide details about this service What should I do now?,Neutral
I am worried that I may lose access to my account,Anxious
I am angry that my problem has not been resolved I need support with this.,Angry
Please prioritize my request Please help.,Urgent
This service has made me extremely angry Kindly look into this.,Angry
I am angry that my problem has not been resolved Can you assist?,Angry
I do not understand what is happening with my account I need support with this.,Confused
I expected this issue to be resolved by now Can you assist?,Frustrated
I cannot understand what went wrong Can you assist?,Confused
I am unhappy that my issue has not been fixed What should I do now?,Frustrated
I expected this issue to be resolved by now Can this be resolved soon?,Frustrated
Why is this process showing this way Kindly look into this.,Confused
I am confused about this banking issue Can this be resolved soon?,Confused
Please help me immediately with my bank issue Kindly look into this.,Urgent
Why is this process showing this way I need support with this.,Confused
I cannot believe this issue is still happening I need an update.,Angry
Why has the bank handled this so poorly I need an update.,Angry
I am worried that something may be wrong,Anxious
I would like to check my account information,Neutral
Can someone explain why this happened I need support with this.,Confused
I am concerned about the status of my account What should I do now?,Anxious
I am furious about this repeated problem Can this be resolved soon?,Angry
I am very upset with the way this was handled Please help.,Angry
I am confused about this banking issue I need an update.,Confused
I am unhappy that my issue has not been fixed Please check this for me.,Frustrated
Please provide details about this service Please help.,Neutral
Can you handle this problem right away What should I do now?,Urgent
Can you clarify what is happening Can you assist?,Confused
I am confused about this banking issue Please advise me.,Confused
This matter needs immediate attention Please help.,Urgent
I am worried about what will happen to my account I need support with this.,Anxious
Please prioritize my request Can this be resolved soon?,Urgent
I need urgent assistance with my account Can you assist?,Urgent
I am concerned about this banking issue Can this be resolved soon?,Anxious
I am unsure why my account has this issue Can this be resolved soon?,Confused
I am tired of dealing with the same banking issue Can this be resolved soon?,Frustrated
I do not understand what is happening with my account,Confused
Please tell me how this process works Kindly look into this.,Neutral
Please take immediate action on my request Can this be resolved soon?,Urgent
I am angry that my problem has not been resolved Kindly look into this.,Angry
I am extremely angry about this banking issue Please advise me.,Angry
I am not sure what I need to do next,Confused
This situation is making me worried Please check this for me.,Anxious
I am unsure why my account has this issue,Confused
I have been waiting too long for a solution What should I do now?,Frustrated
I cannot understand what went wrong What should I do now?,Confused
I am concerned about this banking issue What should I do now?,Anxious
I expected this issue to be resolved by now Please help.,Frustrated
I am concerned that my request has not been completed What should I do now?,Anxious
Please tell me how this process works What should I do now?,Neutral
This matter needs immediate attention Can you assist?,Urgent
I am anxious and need to know what is happening Please help.,Anxious
I want to know the current status of my account What should I do now?,Neutral
This is completely unacceptable to me I need an update.,Angry
I am angry that my problem has not been resolved,Angry
This matter needs immediate attention Kindly look into this.,Urgent
I need this issue resolved as soon as possible Kindly look into this.,Urgent
Can you explain the status of my request I need support with this.,Neutral
Please prioritize my request,Urgent
I am concerned that my request has not been completed Can you assist?,Anxious
I have been waiting too long for a solution Please check this for me.,Frustrated
I would like to understand the next step Can this be resolved soon?,Neutral
I am confused about this banking issue I need support with this.,Confused
I need quick help with this banking problem Can you assist?,Urgent
I have tried several times and nothing works Can this be resolved soon?,Frustrated
Can you clarify what is happening Please advise me.,Confused
Why is this process showing this way Please help.,Confused
I am worried that I may lose access to my account Please help.,Anxious
I am nervous about this transaction Please advise me.,Anxious
I am angry about the unnecessary delay Can this be resolved soon?,Angry
I am unsure why my account has this issue Please check this for me.,Confused
I do not understand what is happening with my account Please help.,Confused
I want to check whether my request was received Please help.,Neutral
I am worried about what will happen to my account Please help.,Anxious
I am anxious and need to know what is happening I need support with this.,Anxious
I would like to check my account information Please advise me.,Neutral
This banking problem is really frustrating me Please check this for me.,Frustrated
Please help me immediately with my bank issue Please help.,Urgent
This service has made me extremely angry What should I do now?,Angry
I need immediate help from customer support,Urgent
I do not understand what is happening with my account Please advise me.,Confused
I need urgent assistance with my account Kindly look into this.,Urgent
I am extremely angry about this banking issue What should I do now?,Angry
I am anxious because my request is still pending Can this be resolved soon?,Anxious
I am nervous about this transaction Kindly look into this.,Anxious
Why does this keep happening again and again I need support with this.,Frustrated
Can you handle this problem right away Please help.,Urgent
I have tried several times and nothing works Please check this for me.,Frustrated
This is becoming very frustrating Please advise me.,Frustrated
I do not understand the status of my request Please help.,Confused
I need this issue resolved as soon as possible I need an update.,Urgent
This problem has been going on for too long Please advise me.,Frustrated
This banking problem is really frustrating me Can this be resolved soon?,Frustrated
Could you explain what this message means I need an update.,Confused
I want to check whether my request was received I need support with this.,Neutral
I am angry about the unnecessary delay Kindly look into this.,Angry
This situation is making me worried Kindly look into this.,Anxious
This is completely unacceptable to me Please advise me.,Angry
I am extremely angry about this banking issue Kindly look into this.,Angry
I do not understand the status of my request I need an update.,Confused
I cannot believe this issue is still happening Can you assist?,Angry
I would like to understand the next step Please check this for me.,Neutral
I am anxious and need to know what is happening Please advise me.,Anxious
This is unacceptable and I am very angry,Angry
I need quick help with this banking problem What should I do now?,Urgent
I am anxious and need to know what is happening Kindly look into this.,Anxious
I cannot believe this issue is still happening,Angry
Why is this process showing this way Can you assist?,Confused
Please take immediate action on my request Please help.,Urgent
This problem has been going on for too long I need an update.,Frustrated
I am nervous about this transaction Please check this for me.,Anxious
I want to check whether my request was received,Neutral
Could you explain what this message means I need support with this.,Confused
Can you tell me what documents are required Please help.,Neutral
This banking problem is really frustrating me Please advise me.,Frustrated
I am concerned about this banking issue I need an update.,Anxious
I am concerned that my request has not been completed Please help.,Anxious
This is becoming very frustrating I need an update.,Frustrated
I am frustrated because this issue is still unresolved What should I do now?,Frustrated
Please tell me how this process works,Neutral
Can you handle this problem right away Please check this for me.,Urgent
I have been waiting too long for a solution Can you assist?,Frustrated
I need immediate help from customer support Can this be resolved soon?,Urgent
I am nervous about this transaction What should I do now?,Anxious
I have tried several times and nothing works,Frustrated
I am confused about this banking issue Kindly look into this.,Confused
I am worried that I may lose access to my account I need support with this.,Anxious
I want to know the current status of my account Please help.,Neutral
Please take immediate action on my request,Urgent
Please resolve my banking issue without delay Please help.,Urgent
I would like to check my account information I need support with this.,Neutral
Could you explain what this message means,Confused
I am worried that something may be wrong Please advise me.,Anxious
I would like to check my account information Can you assist?,Neutral
